label,group,value
Fact_M_budget_CO2_world_2020,ui,400000000000
Fact_M_emission_C_world_2015,ui,11200000000.000002
Fact_M_emission_C_world_2016,ui,11200000000
Fact_M_emission_C_world_2017,ui,11300000000
Fact_M_emission_C_world_2018,ui,11500000000
Fact_M_emission_C_world_2019,ui,11500000000
Fact_M_emission_ratio_CO2_to_C,ui,3.6641412038964285
Fact_M_emission_CO2_world_2015,ufyi,41038381483.64001
Fact_M_emission_CO2_world_2016,ui,41038381483.64
Fact_M_emission_CO2_world_2017,ui,41404795604.02964
Fact_M_emission_CO2_world_2018,ui,42137623844.80893
Fact_M_emission_CO2_world_2019,ui,42137623844.80893
Fact_M_emission_CO2_world_2016_2019,ui,166718424777.2875
Fact_M_budget_CO2_world_2016,ui,566718424777.2875
Fact_M_population_world_2015,ui,7350000000
Fact_M_population_germany_2015,ui,82180000
Fact_M_budget_CO2_germany_2016,ufyi,6336451720.843195
Fact_M_CO2e_w_lulucf_2015,ufyi,884946000
Fact_M_CO2e_w_lulucf_2016,ufyi,887900000
Fact_M_CO2e_w_lulucf_2017,ufyi,871537000
Fact_M_CO2e_w_lulucf_2018,ufyi,837604000
Fact_M_CO2e_w_lulucf_2019,ufyi,793335000
Fact_M_CO2e_w_lulucf_2020,ufyi,722979000
Fact_M_CO2e_w_lulucf_2021,ufyi,782484000
Fact_M_CO2e_wo_lulucf_2015,ui,904262000
Fact_M_CO2e_wo_lulucf_2016,ui,907968000
Fact_M_CO2e_wo_lulucf_2017,ui,892076000
Fact_M_CO2e_wo_lulucf_2018,ui,855890000
Fact_M_CO2e_wo_lulucf_2019,ui,809799000
Fact_M_CO2e_wo_lulucf_2020,ui,739495000
Fact_M_CO2e_wo_lulucf_2021,ui,799000000
Fact_M_CO2e_wo_lulucf_2015_vs_2018,ud,1.0565166084426738
Fact_M_CO2e_wo_lulucf_2016_vs_2018,ud,1.0608466041196882
Fact_M_CO2e_wo_lulucf_2017_vs_2018,ud,1.0422787975090257
Fact_M_CO2e_wo_lulucf_2018_vs_2018,ud,1
Fact_M_CO2e_wo_lulucf_2019_vs_2018,ud,0.9461484536564279
Fact_M_CO2e_wo_lulucf_2020_vs_2018,ud,0.8640070569816215
Fact_M_CO2e_wo_lulucf_2021_vs_2018,ud,0.9335311780719485
Fact_M_CO2e_lulucf_2015,ui,-19316000
Fact_M_CO2e_lulucf_2016,ui,-20068000
Fact_M_CO2e_lulucf_2017,ui,-20539000
Fact_M_CO2e_lulucf_2018,ui,-18286000
Fact_M_CO2e_lulucf_2019,ui,-16464000
Fact_M_CO2e_lulucf_2020,ui,-16516000
Fact_M_CO2e_lulucf_2021,ui,-16516000
Fact_M_CO2e_lulucf_2015_vs_2018,ud,1.0563272448867986
Fact_M_CO2e_lulucf_2016_vs_2018,ud,1.0974516023187137
Fact_M_CO2e_lulucf_2017_vs_2018,ud,1.1232090123591818
Fact_M_CO2e_lulucf_2018_vs_2018,ud,1
Fact_M_CO2e_lulucf_2019_vs_2018,ud,0.9003609318604396
Fact_M_CO2e_lulucf_2020_vs_2018,ud,0.9032046374275402
Fact_M_CO2e_lulucf_2021_vs_2018,ud,0.9032046374275402
Fact_M_cost_per_CO2e_2020,ud,195
Fact_M_cost_certificate_per_t_CO2_ETS_2018,ud,0.02077
Fact_H_P_planning_cost_basis,ud,30000
Fact_H_P_planning_cost_per_capita,ud,0.75
Fact_H_P_planning_duration,ud,1
Fact_H_P_heatnet_cogen_prodvol_2018,ui,96800000
Fact_H_P_heatnet_cogen_coal_black_prodvol_2018,ui,26500000
Fact_H_P_heatnet_cogen_coal_brown_prodvol_2018,ui,7900000
Fact_H_P_heatnet_cogen_opetpro_prodvol_2018,ui,200000
Fact_H_P_heatnet_cogen_gas_prodvol_2018,ui,38500000
Fact_H_P_heatnet_cogen_renew_prodvol_2018,ui,14300000
Fact_H_P_heatnet_cogen_ofossil_prodvol_2018,ui,9600000
Fact_H_P_heatnet_plant_prodvol_2018,ui,31400000
Fact_H_P_heatnet_prodvol_brutto_2018,ui,128200000
Fact_H_P_heatnet_prodvol_netto_2018,ui,109472500
Fact_H_P_heatnet_ratio_netto_to_brutto_2018,ui,0.8539196567862715
Fact_H_P_coal_CO2e_cb_2018,ui,10013170
Fact_H_P_coal_ratio_CO2e_cb_to_fec_2018,ud,0.08082723703476158
Fact_H_P_coal_CO2e_pb_2018,ui,2283480
Fact_H_P_coal_ratio_CO2e_pb_to_fec_2018,ud,0.01843246236947314
Fact_H_P_gas_CO2e_cb_2018,ui,1341470
Fact_H_P_gas_ratio_CO2e_cb_to_fec_2018,ud,0.0022060466416580944
Fact_H_P_gas_CO2e_pb_2018,ui,5424480
Fact_H_P_gas_ratio_CO2e_pb_to_fec_2018,ud,0.008920554232850157
Fact_H_P_opetpro_CO2e_1B2a_2018,ui,474680
Fact_H_P_opetpro_CO2e_1B2c_2018,ui,343040
Fact_H_P_opetpro_CO2e_pb_2018,ui,817720
Fact_H_P_opetpro_ratio_CO2e_pb_to_fec_2018,ud,0.057360378792307244
Fact_H_P_orenew_CO2e_pb_2018,ud,0
Fact_H_P_orenew_ratio_CO2e_pb_to_fec_2018,ui,0
Fact_H_P_biomass_CO2e_pb_2018,ui,0
Fact_H_P_biomass_ratio_CO2e_pb_to_fec_2018,ud,0
Fact_H_P_ofossil_CO2e_pb_2018,ui,0
Fact_H_P_ofossil_ratio_CO2e_pb_to_fec_2018,ud,0
Fact_H_P_fueloil_CO2e_cb_2018,ui,2885354.8580366457
Fact_H_P_fueloil_ratio_CO2e_cb_to_fec_2018,ud,0.019177633441213964
Fact_H_P_lpg_CO2e_cb_2018,ui,606848.7221808431
Fact_H_P_lpg_ratio_CO2e_cb_to_fec_2018,ud,0.0284197603758379
Fact_H_P_opetpro_CO2e_cb_2018,ui,4446145.678236258
Fact_H_P_opetpro_ratio_CO2e_cb_to_fec_2018,ud,0.31188255181408253
Fact_H_P_heatnet_cogen_CO2e_cb_2018,ui,22431929
Fact_H_P_heatnet_cogen_ratio_CO2e_cb_to_fec_2018,ud,0.27137776004728914
Fact_H_P_heatnet_plant_CO2e_cb_2018,ui,7405993
Fact_H_P_heatnet_plant_ratio_CO2e_cb_to_fec_2018,ud,0.2762082448941239
Fact_H_P_heatnet_CO2e_cb_2018,ufyi,29837922
Fact_H_P_heatnet_biomass_CO2e_cb_2018,ui,1676066
Fact_H_P_heatnet_biomass_fec_2018,ui,37618000
Fact_H_P_heatnet_biomass_ratio_CO2e_cb_to_fec_2018,ud,0.04455489393375512
Fact_H_P_opetpro_prodvol_2018,ui,23621000
Fact_H_P_coal_fec_2018,ui,123883611.1111111
Fact_H_P_fueloil_fec_2018,ui,150454166.66666666
Fact_H_P_lpg_fec_2018,ui,21353055.555555556
Fact_H_P_gas_fec_2018,ui,608087777.7777777
Fact_H_P_opetpro_fec_2018,ui,14255833.333333332
Fact_H_P_biomass_fec_2018,ui,159872777.7777778
Fact_H_P_orenew_fec_2018,ui,23364722.222222224
Fact_H_P_ofossil_fec_2018,ui,21019444.444444444
Fact_H_P_heatnet_fec_2018,ui,109472500
Fact_H_P_heatnet_lheatpump_invest_203X,ud,325000
Fact_H_P_heatnet_geoth_invest_203X,ud,3236571.4285714286
Fact_H_P_heatnet_solarth_park_invest_203X,ud,2257142.8571428573
Fact_H_P_heatnet_geoth_full_load_hours,ud,3000
Fact_H_P_heatnet_solarth_park_yield_2025,ud,4250
Fact_H_P_storage_specific_volume,ud,0.03
Fact_H_P_storage_specific_cost,ud,550
Fact_H_P_heatnet_lheatpump_apf,ud,2.825
Fact_H_P_heatnet_lheatpump_full_load_hours,ud,4380
Fact_E_P_climate_neutral_ratio_CO2e_cb_to_fec,ud,0
Fact_E_P_coal_brown_ratio_CO2e_cb_to_gep_2018,ud,1.00553
Fact_E_P_coal_black_ratio_CO2e_cb_to_gep_2018,ud,0.74529
Fact_E_P_gas_ratio_CO2e_cb_to_gep_2018,ud,0.36585
Fact_E_P_ofossil_ratio_CO2e_cb_to_gep_2018,ud,1.12252
Fact_E_P_biomass_ratio_CO2e_cb_to_gep_2018,ud,0.544
Fact_E_P_biomass_ratio_CO2e_cb_nonCO2_to_peu_2018,ufyi,0.027588599999999998
Fact_E_P_biomass_ratio_CO2e_cb_nonCO2_to_gep_2018,ud,0.0685327
Fact_E_P_biomass_waste_ratio_CO2e_cb_nonCO2_to_gep_2018,ud,0.00475
Fact_E_P_biomass_solid_ratio_CO2e_cb_nonCO2_to_gep_2018,ud,0.0122
Fact_E_P_biomass_gaseous_ratio_CO2e_cb_nonCO2_to_gep_2018,ud,0.1003
Fact_E_P_elec_prodvol_brutto_2018,ui,643451111.111111
Fact_E_P_elec_prodvol_netto_2018,ui,513326944.4444444
Fact_E_P_ratio_gross_electricity_prod_to_fec_electricity_2018,ud,1.2534917912939392
Fact_E_P_nuclear_pct_of_gep_2018,ud,0.119
Fact_E_P_coal_black_pct_of_gep_2018,ud,0.13
Fact_E_P_coal_black_cogen_ratio_2018,ud,0.33909818998084557
Fact_E_P_coal_brown_pct_of_gep_2018,ud,0.228
Fact_E_P_coal_brown_cogen_ratio_2018,ud,0.05763883500667468
Fact_E_P_gas_pct_of_gep_2018,ud,0.129
Fact_E_P_gas_cogen_ratio_2018,ud,0.49647109575958237
Fact_E_P_ofossil_pct_of_gep_2018,ud,0.04
Fact_E_P_ofossil_cogen_ratio_2018,ud,0.3992401331095239
Fact_E_P_pv_pct_of_gep_2018,ud,0.073
Fact_E_P_wind_pct_of_gep_2018,ud,0.173
Fact_E_P_wind_offshore_pct_of_gep_2018,ud,0.031
Fact_E_P_wind_onshore_pct_of_gep_2018,ud,0.142
Fact_E_P_biomass_pct_of_gep_2018,ud,0.08
Fact_E_P_renew_cogen_ratio_2018,ud,0.2973507241388641
Fact_E_P_biomass_waste_pct_of_gep_2018,ud,0.009701839379258734
Fact_E_P_biomass_solid_pct_of_gep_2018,ud,0.01701839379258734
Fact_E_P_biomass_gaseous_pct_of_gep_2018,ud,0.05327976682815393
Fact_E_P_hydro_pct_of_gep_2018,ud,0.028
Fact_E_P_geothermal_pct_of_gep_2018,ud,0.0003
Fact_E_P_pv_roof_pct_of_gep_pv_2017,ud,0.732
Fact_E_P_pv_park_pct_of_gep_pv_2017,ud,0.255
Fact_E_P_pv_rest_pct_of_gep_pv_2017,ud,0.013000000000000012
Fact_E_P_biomass_full_load_hours,ud,6343.026121241992
Fact_E_P_hydro_full_load_hours,ud,5006.390664073354
Fact_E_P_geoth_full_load_hours,ud,4238.0952380952385
Fact_E_P_geoth_power_installed_2018,ud,42
Fact_E_P_wind_onshore_full_load_hours,ud,2071
Fact_E_P_wind_offshore_full_load_hours,ud,2945.78502036979
Fact_E_P_wind_offshore_power_installed_2018,ud,6382
Fact_E_P_coal_black_full_load_hours,ud,3250
Fact_E_P_coal_brown_full_load_hours,ud,5000
Fact_E_P_nuclear_full_load_hours,ud,7500
Fact_E_P_gas_full_load_hours,ud,1625
Fact_E_P_gas_power_installed_2018,ud,30502
Fact_E_P_wind_onshore_emplo_2018,ud,96600
Fact_E_P_wind_offshore_emplo_2018,ud,25100
Fact_E_P_plant_construct_emplo_2018,ud,56000
Fact_E_P_biomass_emplo_2018,ud,105600
Fact_E_D_R_cost_fuel_per_MWh_2018,ud,298.8
Fact_E_D_B_cost_fuel_per_MWh_2018,ud,215.6
Fact_E_D_I_cost_fuel_per_MWh_2018,ud,153
Fact_F_P_petindus_CO2e_cb_2018,ui,18953670
Fact_F_P_petindus_prodvol_2018,ui,100695000
Fact_F_P_petrol_prodvol_2018,ui,21923000
Fact_F_P_jetfuel_prodvol_2018,ui,5101000
Fact_F_P_diesel_prodvol_2018,ui,31497000
Fact_F_P_fueloil_prodvol_2018,ui,15329000
Fact_F_P_lpg_prodvol_2018,ui,3224000
Fact_F_P_petindus_ratio_CO2e_cb_to_prodvol_2018,ui,0.1882285118426933
Fact_F_P_petrol_CO2e_cb_2018,ui,4126533.665127365
Fact_F_P_jetfuel_CO2e_cb_2018,ui,960153.6389095784
Fact_F_P_diesel_CO2e_cb_2018,ui,5928633.43750931
Fact_F_P_petrol_fec_2018,ui,195654722.2222222
Fact_F_P_diesel_fec_2018,ui,416430833.3333334
Fact_F_P_jetfuel_fec_2018,ui,121730000
Fact_F_P_petrol_ratio_CO2e_pb_to_fec_2018,ud,0.021090897363777908
Fact_F_P_diesel_ratio_CO2e_pb_to_fec_2018,ud,0.014236778266521194
Fact_F_P_jetfuel_ratio_CO2e_pb_to_fec_2018,ud,0.007887567887205935
Fact_F_P_hydrogen_ratio_CO2e_pb_to_fec_2018,ud,0
Fact_R_G_energy_consulting_cost_detached_house,ud,600
Fact_R_G_energy_consulting_cost_appt_building_ge_3_flats,ud,1112.5
Fact_R_G_energy_consulting_cost_personel,ud,73800
Fact_R_G_energy_consulting_total_personel,ud,12500
Fact_R_buildings_livingspace_oneflat,ud (Eingabe) ,129.17
Fact_R_buildings_livingspace_twoflat,ud (Eingabe) ,193.08
Fact_R_buildings_livingspace_moreflat,ud (Eingabe) ,468.08
Fact_R_buildings_livingspace_dorm,ud (Eingabe) ,964.67
Fact_R_P_flats_2011,ui,40545317
Fact_R_P_flats_w_heatnet_2011,ud (Eingabe) ; ui ,5006685
Fact_R_P_flats_wo_heatnet_2011,ud,35538632
Fact_R_P_newbuilt_2011_2018,ud (Eingabe) ,729970
Fact_R_P_ratio_fec_to_area_until_1919_2014,ud,0.169
Fact_R_P_ratio_fec_to_area_1919_1948_2014,ud,0.187
Fact_R_P_ratio_fec_to_area_1949_1978_2014,ud,0.208
Fact_R_P_ratio_fec_to_area_1979_1995_2014,ud,0.146
Fact_R_P_ratio_fec_to_area_1996_2002_2014,ud,0.102
Fact_R_P_ratio_fec_to_area_2003_2009_2014,ud,0.071
Fact_R_P_ratio_fec_to_area_2010_2014_2014,ud,0.05
Fact_R_P_ratio_renovated_buildings to_not_renovated_2021,ud,0.07
Fact_B_P_ratio_renovated_to_not_renovated_2021,ud,0.15
Fact_R_P_energetical_renovation_cost_2018,Wert fehlt (?) ,4
Fact_R_P_energetical_renovation_cost_detached_house_until_1949,ud,702
Fact_R_P_energetical_renovation_cost_detached_house_1949_1979,ud,644
Fact_R_P_energetical_renovation_cost_detached_house_1980+,ud,580
Fact_R_P_energetical_renovation_cost_apartm_building_until_1949,ud,580
Fact_R_P_energetical_renovation_cost_apartm_building_1949_1979,ud,532
Fact_R_P_energetical_renovation_cost_apartm_building_1980+,ud,478
Fact_R_P_energetical_renovation_cost_housing_complex,ud,431
Fact_R_P_energetical_renovation_cost_business,du,478
Fact_R_S_total_fec_2018,ufyi,644416944.4444444
Fact_R_S_coal_fec_2018,ud (Eingabe) ; ui ; ufyi,5742777.777777778
Fact_R_S_petrol_fec_2018,ud (Eingabe) ; ui ; ufyi,1130555.5555555555
Fact_R_S_fueloil_fec_2018,ud (Eingabe) ; ui ; ufyi,107194722.22222222
Fact_R_S_lpg_fec_2018,ud (Eingabe) ; ui ; ufyi,10110555.555555556
Fact_R_S_gas_fec_2018,ud (Eingabe) ; ui ; ufyi,255496388.8888889
Fact_R_S_biomass_fec_2018,ud (Eingabe) ; ui ; ufyi,67235555.55555555
Fact_R_S_orenew_fec_2018,ud (Eingabe) ; ui ; ufyi,21121111.111111112
Fact_R_S_elec_heating_fec_2018,ud,23250000
Fact_R_S_heatpump_fec_2018,ui,12583333.333333332
Fact_R_S_solarth_fec_2018,ui,8537777.77777778
Fact_R_S_ratio_heatpump_to_orenew_2018,ud,0.5957704245357461
Fact_R_S_ratio_solarth_to_orenew_2018,ud ,0.40422957546425387
Fact_R_S_elec_fec_2018,ud (Eingabe) ; ufyi,126600000
Fact_R_S_heatnet_fec_2018,ud (Eingabe) ; ufyi,49785277.777777776
Fact_R_S_ground_heatpump_mean_annual_performance_factor_stock_2018,ud ; ui,4.1
Fact_R_S_air_heatpump_mean_annual_performance_factor_stock_2018,ud ; ui,3.1
Fact_R_S_ratio_ground_to_air_heatpumps_in_new_installations_2018,ui,0.206
Fact_R_S_ratio_air_to_ground_heatpumps_in_new_installations_2018,ui,0.794
Fact_R_S_heatpump_mean_annual_performance_factor_all,ud,3.306
Fact_R_S_electric_air_water_heatpumps_specific_cost_2018,ui,1260
Fact_R_S_electric_brine_water_heatpumps_specific_cost_2018,ui,1591
Fact_R_S_heatpump_cost,ud,1328.1860000000001
Fact_R_S_fhou,ud,1800
Fact_R_S_CO2e_cb_2018,ufyi,83694430
Fact_RB_S_biomass_CO2e_EF,ud,0.018382000000000003
Fact_R_S_coal_CO2e_EF,ud,0.3494
Fact_H_P_LPG_cb_EF,ud ,0.239
Fact_H_P_petrol_cb_EF,ud ,0.26388
Fact_H_P_fueloil_cb_EF,du,0.266
Fact_H_P_ngas_cb_EF,du,0.201
Fact_H_P_kerosene_cb_EF,du,0.252
Fact_RB_S_heatpump_ratio_CO2e_to_fec,ud,0
Fact_RB_S_heatnet_ratio_CO2e_to_fec,ud,0
Fact_RB_S_solarth_ratio_CO2e_to_fec,ud,0
Fact_RB_S_elec_ratio_CO2e_to_fec,ud,0
Fact_R_S_gas_energy_cost_factor_2018,ud,67.8
Fact_R_S_fueloil_energy_cost_factor_2018,ud,66
Fact_R_S_coal_energy_cost_factor_2018,ud,84.1
Fact_R_S_kerosine_energy_cost_factor_2018,ud Annahme (?),50
Fact_R_S_heatnet_energy_cost_factor_2018,ud,90
Fact_R_S_lpg_energy_cost_factor_2018,ud,68.5
Fact_R_S_wood_energy_cost_factor_2018,ud,60
Fact_R_S_petrol_energy_cost_factor_2018,ud Annahme (?),153
Fact_B_P_ratio_buisness_buildings_to_all_buildings_area_2016,ud,0.31015037593984957
Fact_B_P_number_business_buildings_2016,ud,2700000
Fact_B_P_renovations_ratio_wage_to_main_revenue_2017,ud,0.327
Fact_B_P_plumbing_ratio_wage_to_main_revenue_2017,ud,0.308
Fact_B_P_renovations_wage_per_person_per_year_2017,ud,40967.783984611044
Fact_B_P_heating_wage_per_person_per_year,ud,40184.961515689756
Fact_B_P_install_elec_emplo_2017,ud,388387
Fact_B_P_install_heating_emplo_2017,ud,269539
Fact_B_P_constr_main_revenue_pct_of_wage_2017,ud,0.255
Fact_B_P_constr_main_wage_2017,ui,21898547000
Fact_B_P_constr_main_emplo_2017,ui,464001
Fact_B_P_constr_main_ratio_wage_to_emplo_2017,ud,47195.042683097665
Fact_B_P_renovation_emplo_2017,ud,382161
Fact_B_S_coal_fec_2018,ud (Eingabe und Bundestest),232777.77777777778
Fact_B_S_petrol_fec_2018,ud (Eingabe und Bundestest),1667777.7777777778
Fact_B_S_jetfuel_fec_2018,ud (Eingabe und Bundestest),284722.2222222222
Fact_B_S_diesel_fec_2018,ud (Eingabe und Bundestest),9033055.555555552
Fact_B_S_fueloil_fec_2018,ud (Eingabe und Bundestest),33370277.777777772
Fact_B_S_lpg_fec_2018,ud (Eingabe und Bundestest),3007222.222222222
Fact_B_S_gas_fec_2018,ud (Eingabe und Bundestest),98602500
Fact_B_S_biomass_fec_2018,ud (Eingabe und Bundestest),20860277.77777778
Fact_B_S_orenew_fec_2018,ud (Eingabe und Bundestest),2118333.3333333335
Fact_B_S_elec_fec_2018,ud (Eingabe und Bundestest),143690000
Fact_B_S_heatnet_fec_2018,ud (Eingabe und Bundestest),6521944.444444444
Fact_B_S_elec_heating_fec_2018,ud,13027778
Fact_B_S_CO2e_1A4a_2018,ui,32127150
Fact_B_S_CO2e_1A5a_2018,ui,752150
Fact_B_S_CO2e_cb_2018,ufyi,32879300
Fact_B_S_full_usage_hours_buildings,,1650
Fact_I_P_constr_civil_revenue_pct_of_wage_2018,ud,0.279
Fact_I_P_constr_civil_wage_2018,ui,1783134000
Fact_I_P_constr_civil_emplo_2018,ui,35782
Fact_I_P_constr_civil_ratio_wage_to_emplo_2018,ud,49833.26812363759
Fact_I_P_chem_basic_CO2e_cb_2018,ui,17076195
Fact_I_P_chem_basic_wo_ammonia_CO2e_cb_2018,ui,15511195
Fact_I_P_chem_ammonia_CO2e_cb_2018,ui,1565000
Fact_I_P_chem_other_CO2e_cb_2018,ui,2621450
Fact_I_P_chem_all_CO2e_cb_2018,ui,19697645
Fact_I_P_chem_basic_wo_ammonia_CO2e_cb_ratio_2018,ud,0.12399890291409267
Fact_I_P_chem_ammonia_CO2e_cb_ratio_2018,ud,0.07142857142857142
Fact_I_P_chem_other_CO2e_cb_ratio_2018,ud,0.10821507201174205
Fact_I_P_chem_basic_wo_ammonia_CO2e_pb_2018,ui,2458950
Fact_I_P_chem_other_CO2e_pb_2018,ui,0
Fact_I_P_chem_ammonia_CO2e_pb_2018,ui,4157000
Fact_I_P_chem_basic_wo_ammonia_CO2e_pb_ratio_per_t_product_2018,ud,0.4590162404330782
Fact_I_P_chem_ammonia_CO2e_pb_ratio_per_t_product_2018,ud,1.3281150159744408
Fact_I_P_chem_other_CO2e_pb_ratio_per_t_product_2018,ud,0
Fact_I_P_chem_basic_wo_ammonia_CO2e_eb_ratio_per_t_product_2018,ud,2.8955002800074667
Fact_I_P_chem_ammonia_CO2e_eb_ratio_per_t_product_2018,ud,0.5
Fact_I_P_chem_other_CO2e_eb_ratio_per_t_product_2018,ud,0.687503278258589
Fact_I_P_chem_basic_wo_ammonia_prodvol_2018,ui,5357000
Fact_I_P_chem_ammonia_prodvol_2017,ui,3130000
Fact_I_P_chem_other_prodvol_2018,ui,3813000
Fact_I_P_chem_basic_wo_ammonia_ratio_prodvol_to_fec_2018,ud,0.042824690354985186
Fact_I_P_chem_ammonia_fec_ratio_per_t_product_2013,ud,7
Fact_I_P_chem_other_ratio_prodvol_to_fec_2018,ud,0.15740299055132556
Fact_I_S_chem_basic_wo_ammonia_fec_2018,ui,125091389
Fact_I_S_chem_ammonia_fec_2018,ui,21910000
Fact_I_S_chem_other_fec_2018,ui,24224444.444444444
Fact_I_S_chem_all_fec_2018,ui,171225833.44444445
Fact_I_S_chem_basic_wo_ammonia_fec_ratio_to_chem_all_2018,ud,0.730563761808681
Fact_I_S_chem_ammonia_fec_ratio_to_chem_all_2018,ud,0.12795966332445313
Fact_I_S_chem_other_fec_ratio_to_chem_all_2018,ud,0.14147657486686582
Fact_I_S_chem_fec_ratio_to_industrie_2018,ui (Entry),0.2370103643323074
Fact_I_P_miner_ratio_fec_to_industry_2018,ui,0.11042858213962324
Fact_I_P_miner_fec_2018,ui,79778055.55555555
Fact_I_P_miner_CO2e_cb_2015_2017,ui,16009877
Fact_I_P_miner_CO2e_cb_2018,ui,13847540
Fact_I_P_miner_CO2e_pb_2018,ufyi,19561057
Fact_I_P_miner_cement_fec_2017,ui,44677843.09503301
Fact_I_P_miner_fec_pct_of_cement_2018,ud,0.5600267239393973
Fact_I_P_miner_cement_prodvol_2017,ui,34000000
Fact_I_P_miner_cement_energy_use_factor_2017,ud,0.7610036126336612
Fakt_I_P_miner_cement_CO2e_eb_2017,ui,7092000
Fakt_I_P_miner_cement_CO2e_eb_2018,ui,6134135.426524513
Fact_I_P_miner_cement_CO2e_pb_2017,ui,13408000
Fact_I_P_miner_cement_CO2e_pb_2018,ui,13227900
Fact_I_P_miner_cement_ratio_CO2e_cb_to_prodvol_2018,ud,0.18041574783895628
Fact_I_P_miner_cement_ratio_CO2e_pb_to_prodvol_2018,ud,0.3890558823529412
Fact_I_P_miner_chalk_fec_2017,ui,11642434.682744758
Fact_I_P_miner_fec_pct_of_chalk_2017,ud,0.14593530265521754
Fact_I_P_miner_chalk_prodvol_2018,ui,6438000
Fact_I_P_miner_chalk_energy_use_factor_2017,ud,0.5529771199439714
Fact_I_P_miner_chalk_CO2e_cb_2016,ui,2365000
Fact_I_P_miner_chalk_CO2e_cb_2018,ui,2045576.7461548892
Fact_I_P_miner_chalk_CO2e_pb_2016,ui,4835000
Fact_I_P_miner_chalk_CO2e_pb_2018,ui,4831000
Fact_I_P_miner_chalk_ratio_CO2e_cb_to_prodvol_2018,ud,0.3177348161160126
Fact_I_P_miner_chalk_ratio_CO2e_pb_to_prodvol_2018,ud,0.7503883193538365
Fact_I_P_miner_ceram_fec_2018,,8934803.430226082
Fact_I_P_miner_fec_pct_of_ceram_2017,ud,0.11199575331845606
Fact_I_P_miner_ceram_prodvol_2018,ui,7668900
Fact_I_P_miner_ceram_energy_use_factor_2017,ud,0.8583177078139648
Fact_I_P_miner_ceram_CO2e_cb_2016,ui,2589300
Fact_I_P_miner_ceram_CO2e_cb_2018,ui,2239582.1855470845
Fact_I_P_miner_ceram_CO2e_pb_2016,ui,770700
Fact_I_P_miner_ceram_CO2e_pb_2018,ui,598700
Fact_I_P_miner_ceram_ratio_CO2e_cb_to_prodvol_2018,ud,0.29203434463183564
Fact_I_P_miner_ceram_ratio_CO2e_pb_to_prodvol_2018,ud,0.07806856263610165
Fact_I_P_miner_glas_fec_2018,ui,14522974.347551694
Fact_I_P_miner_fec_pct_of_glas_2017,ud,0.18204222008692902
Fact_I_P_miner_glas_prodvol_2018,ui,6784000
Fact_I_P_miner_glas_energy_use_factor_2017,ud,0.46712194331897705
Fact_I_P_miner_glas_CO2e_cb_2015,ui,3963577
Fact_I_P_miner_glas_CO2e_cb_2018,ui,3428245.6417735126
Fact_I_P_miner_glas_CO2e_pb_2015,ui,916423
Fact_I_P_miner_glas_CO2e_pb_2018,ui,903457
Fact_I_P_miner_glas_ratio_CO2e_cb_to_prodvol_2018,ud,0.5053428127614258
Fact_I_P_miner_glas_ratio_CO2e_pb_to_prodvol_2018,ud,0.13317467570754718
Fact_I_P_fec_pct_of_metal_2018,ui,0.26359003147126736
Fact_I_P_metal_fec_2018,ui,190428055.55555555
Fact_I_P_metal_fec_pct_of_steel_2018,ud,0.8143393320020247
Fact_I_P_metal_fec_pct_of_nonfe_2018,ud,0.18566068285082876
Fact_I_P_metal_CO2e_cb_2018,ufyi,38292520
Fact_I_P_metal_CO2e_pb_2018,ufyi,21488751
Fact_I_P_metal_steel_primary_CO2e_eb_HKR_2018,Fact_I_P_metal_primary_CO2eb_eb_HKR_2018,25741696.914700545
Fact_I_P_metal_steel_primary_CO2e_eb_DRI_2018,,376000
Fact_I_P_metal_steel_primary_CO2e_eb_2018,ui,26117696.914700545
Fact_I_P_metal_steel_secondary_CO2e_eb_2018,ui,9319235.66243194
Fact_I_P_metal_steel_CO2e_eb_2018,ui,36707350
Fact_I_P_metal_steel_primary_CO2e_pb_HKR_2018,ui,20075082
Fact_I_P_metal_steel_primary_CO2e_pb_DRI_2018,ui,18000
Fact_I_P_metal_steel_primary_CO2e_pb_2018,ui,20093082
Fact_I_P_metal_steel_secondary_CO2e_pb_2018,ui,75669
Fact_I_P_metal_steel_CO2e_pb_2018,ui,20168751
Fact_I_P_metal_steel_prodvol_2018,ui,42400000
Fact_I_P_metal_steel_primary_HKR_prodvol_2018,ui,29700000
Fact_I_P_metal_steel_primary_DRI_prodvol_2018,ui,600000
Fact_I_P_metal_steel_primary_prodvol_2018,ui,30300000
Fact_I_P_metal_steel_secondary_prodvol_2018,ui,12100000
Fact_I_P_metal_steel_primary_ratio_CO2e_eb_to_prodvol_2018,ud,0.8619701952046385
Fact_I_P_metal_steel_secondary_ratio_CO2e_eb_to_prodvol_2018,ud,0.7701847654902431
Fact_I_P_metal_steel_primary_ratio_CO2e_pb_to_prodvol_2018,ud,0.6631380198019802
Fact_I_P_metal_steel_secondary_ratio_CO2e_pb_to_prodvol_2018,ud,0.006253636363636364
Fact_I_P_metal_steel_further_ratio_fec_to_prodvol_2018,ui,0.46699999999999997
Fact_I_P_metal_steel_primary_ratio_fec_to_prodvol_2018,ud,4.686236172475247
Fact_I_P_metal_steel_secondary_ratio_fec_to_prodvol_2018,ud,1.081
Fakt_I_N_metallh_HKR_EEV_2018,ui,139726756.02599996
Fakt_I_N_metallh_DRI_EEV_2018,ui,2266200
Fakt_I_N_metallh_Primaerroute_EEV_2018,ui,141992956.02599996
Fakt_I_N_metallh_Sekundaerroute_EEV_2018,ui,13080100
Fakt_I_N_metallh_Primaerroute_EEV_2018_Anteil,ud,0.9156520165112141
Fakt_I_N_metallh_Sekundaerroute_EEV_2018_Anteil,ud,0.08434798652248134
Fakt_I_N_metallh_Stahl_EEV_2018,ui,155073055.55555555
Fact_I_P_metal_nonfe_prodvol_2018,ui,12411000
Fact_I_P_metal_nonfe_foundries_prodvol_2018,ui,4256000
Fact_I_P_metal_nonfe_fec_2018,ui,35355002.8284
Fact_I_P_metal_nonfe_ratio_fec_to_prodvol_2018,ud,2.848682848150834
Fact_I_P_metal_nonfe_foundries_CO2e_cb_2018,ui,1270417.4228675135
Fact_I_P_metal_nonfe_1a2b_CO2e_cb_2018,ui,1585170
Fact_I_P_metal_nonfe_CO2e_cb_2018,ui,2855587.4228675133
Fact_I_P_metal_nonfe_ratio_CO2e_cb_to_prodvol_2018,ud,0.23008520045665243
Fact_I_P_metal_nonfe_CO2e_pb_2018,ui,1320000
Fact_I_P_metal_nonfe_ratio_CO2e_pb_to_prodvol_2018,ud,0.1063572637176698
Fact_I_P_other_ratio_fec_to_industry_2018,ui (Eingabe),0.38897102205680195
Fact_I_P_other_fec_2018,ui,281008333.2222221
Fact_I_P_other_elec_CO2e_cb_2018,ui,39179345
Fact_I_P_other_1a2g_CO2e_cb_2018,ui,77723350
Fact_I_P_other_CO2e_cb_2018,ui,19106810
Fact_I_P_other_1a2d_CO2e_cb_2018,ui,18760
Fact_I_P_other_paper_CO2e_cb_2018,ui,6555000
Fact_I_P_other_paper_ratio_CO2e_cb_to_prodvol_2018,ud,0.2890014257844559
Fact_I_P_other_paper_fec_2018,ui,58444722.222222224
Fact_I_P_other_fec_pct_of_paper_2018,ud,0.20798216747545345
Fact_I_P_other_paper_prodvol_2018,ui,22681549
Fact_I_P_other_paper_ratio_fec_to_prodvol_2018,ud,2.576751800426956
Fact_I_P_other_paper_ratio_CO2e_pb_to_prodvol_2018,ud,0
Fact_I_P_other_1a2e_CO2e_cb_2018,ui,241690
Fact_I_P_other_food_CO2e_cb_2015,ui,8900000
Fact_I_P_other_food_ratio_CO2e_cb_to_prodvol_2018,ud,0.08461845633117192
Fact_I_P_other_food_fec_2018,ui,59155833.33333333
Fact_I_P_other_fec_pct_of_food_2018,ud,0.2105127369534367
Fact_I_P_other_food_prodvol_2015,ui,105178000
Fact_I_P_other_food_ratio_fec_to_prodvol_2018,ud,0.5624354269270506
Fact_I_P_other_food_ratio_CO2e_pb_to_prodvol_2018,ud,0
Fact_I_P_other_further_CO2e_cb_2018,ui,3651810
Fact_I_P_other_further_ratio_CO2e_cb_to_fec_2018,ud,0.02234783467558858
Fact_I_P_other_2d_CO2e_pb_2018,ui,2034850
Fact_I_P_other_2efgh_CO2e_pb_2018,ui,15022000
Fact_I_P_other_further_CO2e_pb_2018,ui,17056850
Fact_I_P_other_2d_ratio_CO2e_pb_to_fec_2018,ud,0.012452589644483536
Fact_I_P_other_2efgh_ratio_CO2e_pb_to_fec_2018,ud,0.09192952878071192
Fact_I_P_other_further_fec_2018,ui,163407777.66666657
Fact_I_P_other_fec_pct_of_further_2018,ud,0.58150509557111
Fact_I_P_other_further_prodvol_2018,ud,1
Fact_I_S_fec_2018,ui,722440277.7777777
Fact_I_S_elec_fec_2018,ui (Entry),226095000
Fact_I_S_coal_fec_2018,ui (Entry),117908055.55555555
Fact_I_S_diesel_fec_2018,ui (Entry),134444.44444444444
Fact_I_S_fueloil_fec_2018,ui (Entry),7472500
Fact_I_S_lpg_fec_2018,ui (Entry),1359444.4444444445
Fact_I_S_opetpro_fec_2018,ui (Entry),14255833.333333332
Fact_I_S_gas_fec_2018,ui (Entry),249600555.55555555
Fact_I_S_biomass_fec_2018,ui (Entry),31304444.444444444
Fact_I_S_orenew_fec_2018,ui (Entry),125277.77777777778
Fact_I_S_ofossil_fec_2018,ui (Entry),21019444.444444444
Fact_I_S_heatnet_fec_2018,ui (Entry),53165277.777777776
Fact_T_D_constr_roadrail_revenue_pct_of_wage_2018,ud,0.257
Fact_T_D_constr_roadrail_wage_2018,ui,5048570000
Fact_T_D_constr_roadrail_emplo_2018,ui,97178
Fact_T_D_constr_roadrail_ratio_wage_to_emplo_2018,ud,51951.779209286055
Fact_T_D_mlg_Car_it_2018,ufyi,161938000000
Fact_T_D_mlg_Car_at_2018,ufyi,280840000000
Fact_T_D_mlg_Car_it_ot_2018,ufyi,442778000000
Fact_T_D_mlg_Car_ab_2018,ufyi,199484000000
Fact_T_D_mlg_Car_it_ot_2018_ifeu,ui,456061500000
Fact_T_D_mlg_Car_ab_2018_ifeu,ui,200879200000
Fact_T_D_mlg_Car_2018_ifeu,ui,656940700000
Fact_T_D_trnsprt_ppl_Car_2018,ui,947400000000
Fact_T_D_lf_ppl_Car_2018,ud,1.4421392981132086
Fact_T_S_Car_stock_2018,ui,46800000
Fact_T_S_Car_ratio_mlg_to_stock_2018,ud,20243.589743589742
Fact_T_D_mlg_LDT_it_2018,ufyi,16821000000.000002
Fact_T_D_mlg_LDT_at_2018,ufyi,19928000000
Fact_T_D_mlg_LDT_it_ot_2018,ufyi,36749000000
Fact_T_D_mlg_LDT_ab_2018,ufyi,14549000000
Fact_T_D_mlg_LDT_it_ot_2018_ifeu,ui,36749000000
Fact_T_D_mlg_LDT_ab_2018_ifeu,ui,14549300000
Fact_T_D_mlg_LDT_2018_ifeu,ui,51298300000
Fact_T_D_trnsprt_gds_LDT_2018,ud,7700000000
Fact_T_D_lf_gds_LDT_2018,ud,0.15010244004187273
Fact_T_S_LDT_stock_2018,ui,2558000
Fact_T_S_LDT_ratio_mlg_to_stock_2018,ud,3010.1641907740423
Fact_T_D_mlg_MHD_it_2018,ufyi,9127000000
Fact_T_D_mlg_MHD_at_2018,ufyi,18405000000
Fact_T_D_mlg_MHD_it_ot_2018,ufyi,27532000000
Fact_T_D_mlg_MHD_ab_2018,ufyi,34974000000
Fact_T_D_mlg_MHD_it_ot_2018_ifeu,ui,30773600000
Fact_T_D_mlg_MHD_ab_2018_ifeu,ui,35937900000
Fact_T_D_mlg_MHD_2018_ifeu,ui,66711500000
Fact_T_D_trnsprt_gds_MHD_2018,ui,499200000000
Fact_T_D_lf_gds_MHD_2018,ud,7.482967704218913
Fact_T_S_MHD_stock_2018,ui,747000
Fact_T_S_MHD_ratio_mlg_to_stock_2018,ud,668273.092369478
Fact_T_D_MHD_driver_2018,ui,573849
Fact_T_D_MHD_ratio_mlg_to_driver,ud,111842.13965694809
Fact_T_D_trnsprt_gds_Rd_2018,ud,506900000000
Fact_T_D_mlg_Bus_it_2018,ufyi,1168000000
Fact_T_D_mlg_Bus_at_2018,ufyi,2073000000
Fact_T_D_mlg_Bus_it_ot_2018,ufyi,3241000000
Fact_T_D_mlg_Bus_ab_2018,ufyi,964000000
Fact_T_D_mlg_Bus_2018_Destatis,ui,2531000000
Fact_T_D_trnsprt_ppl_Bus_2018,ui,38451000000
Fact_T_D_lf_ppl_Bus_2018,ud,15.192018964836032
Fact_T_S_Bus_stock_2018,ui,53709
Fact_T_S_Bus_ratio_mlg_to_stock_2018,ud,47124.318084492355
Fact_T_S_Bus_driver_2018,ui,102473
Fact_T_S_bus_ratio_mlg_to_driver_2018,ud,24699.189054677816
Fact_T_D_Rl_train_nat_trnsprt_gds_2018,ud,133699999999.99998
Fact_T_D_rail_gds_mlg_2018,ui,288000000
Fact_T_D_rail_ppl_mlg_2018,ui,806100000
Fact_T_D_rail_gds_ratio_tkm_to_fzkm_2018,ud,464.2361111111111
Fact_T_D_rail_ppl_ratio_pkm_to_fzkm_2018,ud,121.20084356779556
Fact_T_D_rail_gds_engine_2015,ui,2611
Fact_T_D_rail_gds_wagon_2015,ui,141143
Fact_T_D_rail_gds_ratio_wagon_to_engine,ui,54.05706625813865
Fact_T_D_rail_gds_ratio_mlg_to_vehicle,ud,51206434.31635388
Fact_T_D_rail_gds_engine_invest,ui,4166666.6666666665
Fact_T_D_rail_gds_wagon_invest,ui,90000
Fact_T_D_rail_gds_vehicle_invest,ud,9031802.629899144
Fact_T_D_Rl_train_nat_trnsprt_ppl_short_2018,ui,55100000000
Fact_T_D_Rl_train_nat_trnsprt_ppl_long_2018,ui,42600000000
Fact_T_D_rail_ppl_mlg_shortdistance_2018,ui,660100000
Fact_T_D_rail_ppl_engine_2015,ui,7306
Fact_T_D_rail_ppl_wagon_2015,ui,7227
Fact_T_D_rail_ppl_vehicle_2015,ui,3633.25
Fact_T_D_rail_ppl_ratio_mlg_to_vehicle,ud,221867.4740246336
Fact_T_D_rail_ppl_vehicle_invest,ud,8490566.03773585
Fact_T_D_rail_driver_2018,ui,30684
Fact_T_D_rail_ratio_mlg_to_driver,ud,35657.019945248336
Fact_T_S_Rl_Metro_SEC_pkm_2018,ufyi,0.00025
Fact_T_S_Rl_Metro_SEC_fzkm_2018,ud,0.004
Fact_T_D_rail_metro_mlg_2018,ui,308900000
Fact_T_D_trnsprt_ppl_Rl_Metro_2018,ui,17700000000
Fact_T_D_lf_Rl_Metro_2018,ud,57.30009711880868
Fact_T_D_rail_metro_vehicle_2014,ui,7157
Fact_T_D_rail_metro_ratio_mlg_to_vehicle,ud,43160.54212658935
Fact_T_D_rail_metro_vehicle_invest,ud,2656383.890317052
Fact_T_D_metro_driver_2018,ud,16118
Fact_T_D_metro_ratio_mlg_to_driver,ud,19164.90879761757
Fact_T_D_Shp_sea_nat_mlg_2013,ud,1982900000000
Fact_T_D_Shp_dmstc_trnsprt_gds_2018,ud,46900000000
Fact_T_D_Shp_dmstc_nat_vehicle_2018,ui,1980
Fact_T_D_Shp_dmstc_nat_ratio_mlg_to_vehicle,ud,7121212.121212121
Fact_T_D_Shp_dmstc_vehicle_invest,ud,3000000
Fact_T_D_shp_emplo_inland_water_transport,ui,5142
Fact_T_D_shp_ratio_mlg_to_driver,ud,9120964.60521198
Fact_T_D_Air_nat_trnsprt_ppl_2019,ud,61700000000
Fact_T_D_Air_dmstc_nat_trnsprt_ppl_2019,ud,10100000000
Fact_T_D_Air_dmstc_nat_trnsprt_gds_2019,ud,1587100000
Fact_T_D_Air_dmstc_nat_ratio_2018,ud,0.05
Fact_T_D_Air_inter_nat_ratio_2018,ud,0.95
Fact_T_D_Air_nat_EB_2018,ui,121527777.77777778
Fact_T_S_Air_nat_EB_dmstc_2018,ud,81747222.22222222
Fact_T_S_Air_nat_EB_inter_2018,ud,113353055.5555560
Fact_T_D_modal_split_foot_rt71,ud,1
Fact_T_D_modal_split_foot_rt72,ud,1
Fact_T_D_modal_split_foot_rt73,ud,1
Fact_T_D_modal_split_foot_rt74,ud,1
Fact_T_D_modal_split_foot_rt75,ud,1
Fact_T_D_modal_split_foot_rt76,ud,1
Fact_T_D_modal_split_foot_rt77,ud,1
Fact_T_D_modal_split_cycl_rt71,ud,2
Fact_T_D_modal_split_cycl_rt72,ud,2
Fact_T_D_modal_split_cycl_rt73,ud,1
Fact_T_D_modal_split_cycl_rt74,ud,1
Fact_T_D_modal_split_cycl_rt75,ud,2
Fact_T_D_modal_split_cycl_rt76,ud,1
Fact_T_D_modal_split_cycl_rt77,ud,1
Fact_T_D_modal_split_foot_nat,ud,1
Fact_T_D_modal_split_cycl_nat,ud,1
Fact_T_D_cycl_vehicle_invest_hannah,ud,2990
Fact_T_S_petrol_fec_2018,ui,192523055.55555555
Fact_T_S_Rd_petrol_fec_2018,ufyi,192415000
Fact_T_S_Rd_Car_petrol_fec_2018,ufyi,201977500
Fact_T_S_Rd_LDT_MHD_petrol_fec_2018,ufyi,1215555.5555555555
Fact_T_S_Rd_Bus_petrol_fec_2018,ufyi,7500
Fact_T_S_Air_petrol_fec_2018,ud,108055.55555555555
Fact_T_S_Air_jetfuel_fec_2018,ui,121445277.77777778
Fact_T_S_diesel_fec_2018,ui,388096666.6666667
Fact_T_S_Rl_diesel_fec_2018,ufyi,2618055.5555555555
Fact_T_S_Rd_diesel_fec_2018,ufyi,382528888.8888889
Fact_T_S_Rd_Car_diesel_fec_2018,ufyi,184243611.1111111
Fact_T_S_Rd_LDT_MHD_diesel_fec_2018,ufyi,187758333.33333334
Fact_T_S_Rd_Bus_diesel_fec_2018,ufyi,10526944.444444444
Fact_T_S_Shp_diesel_fec_2018,ud,2949722.222222222
Fact_T_S_lpg_fec_2018,ui,4486944.444444444
Fact_T_S_Rd_lpg_fec_2018,ufyi,4486944.444444444
Fact_T_S_Rd_Car_lpg_fec_2018,ufyi,4336944.444444444
Fact_T_S_Rd_LDT_MHD_lpg_fec_2018,ufyi,148888.88888888888
Fact_T_S_Rd_Bus_lpg_fec_2018,ufyi,1388.888888888889
Fact_T_S_cng_fec_2018,ui,1443888.8888888888
Fact_T_S_Rd_cng_fec_2018,ufyi,1443888.8888888888
Fact_T_S_Rd_Car_cng_fec_2018,ufyi,651666.6666666666
Fact_T_S_Rd_LDT_MHD_cng_fec_2018,ufyi,605833.3333333334
Fact_T_S_Rd_Bus_cng_fec_2018,ufyi,186388.88888888888
Fact_T_S_biomass_fec_2018,ui,31500277.777777776
Fact_T_S_Rl_biomass_fec_2018,ufyi,176388.88888888888
Fact_T_S_Rd_biomass_fec_2018,ufyi,31323888.888888888
Fact_T_S_Rd_Car_biomass_fec_2018,ufyi,19544166.666666668
Fact_T_S_Rd_LDT_MHD_biomass_fec_2018,ufyi,11117777.777777778
Fact_T_S_Rd_Bus_biomass_fec_2018,ufyi,661944.4444444444
Fact_T_S_elec_fec_2018,ufyi,11691944.444444444
Fact_T_S_Rl_elec_fec_2018,ufyi,11463055.555555556
Fact_T_S_Rd_elec_fec_2018,ufyi,228888.88888888888
Fact_T_S_Rd_Car_elec_fec_2018,ufyi,177222.22222222222
Fact_T_S_Rd_LDT_MHD_elec_fec_2018,ufyi,35000
Fact_T_S_Rd_Bus_elec_fec_2018,ufyi,16944.444444444445
Fact_T_S_fec_2018,ufyi,761933333.3333334
Fact_T_S_Rl_Rd_benzin_bio_frac_2018,ud,0.043
Fact_T_S_Rl_Rd_diesel_bio_frac_2018,ud,0.055
Fact_T_S_Rl_Rd_cng_bio_frac_2018,ud,0.19
Fact_T_S_GHG_Em_2018,ufyi,162278590.367455
Fact_T_S_Rl_GHG_Em_2018,ufyi,847963.2068618119
Fact_T_S_Rd_GHG_Em_2018,ufyi,157707091.516772
Fact_T_S_Air_dmstc_GHG_Em_2018,ufyi,2014939.03902658
Fact_T_S_Shp_dmstc_GHG_Em_2018,ufyi,1708596.6047946399
Fact_T_S_Air_inter_GHG_Em_2018,ufyi,30162762.8257236
Fact_T_S_Shp_inter_GHG_Em_2018,ufyi,4336512.6225195
Fact_T_S_Air_GHG_Em_2018,ufyi,32177701.86475018
Fact_T_S_Shp_GHG_Em_2018,ufyi,6045109.22731414
Fact_T_S_petrol_EmFa_tank_wheel_2018,ud,0.27102960000000004
Fact_T_S_diesel_EmFa_tank_wheel_2018,ud,0.2664972
Fact_T_S_lpg_EmFa_tank_wheel_2018,ud,0.23880239999999997
Fact_T_S_cng_EmFa_tank_wheel_2018,ud,0.2013696
Fact_T_S_methan_EmFa_tank_wheel_2018,ud,0.19739320762841098
Fact_T_S_jetfuel_EmFa_tank_wheel_2018,ud,0.2637216
Fact_T_S_petroljet_EmFa_tank_wheel_2018,ud,0.252
Fact_T_S_fueloil_EmFa_tank_wheel_2018,ud,0.2736
Fact_T_S_electricity_EmFa_tank_wheel_2018,ud,0
Fact_T_S_Car_frac_petrol_stock_2018,ui,0.66
Fact_T_S_Car_frac_diesel_stock_2018,ui,0.33
Fact_T_S_Car_frac_lpg_stock_2018,ui,0.0085
Fact_T_S_Car_frac_cng_stock_2018,ui,0.0017
Fact_T_S_Car_frac_bev_stock_2018,ui,0.0015
Fact_T_S_Car_frac_phev_stock_2018,ui,0.0012
Fact_T_S_Car_frac_elec_usage_private_phev_2020,ui,0.43
Fact_T_S_Car_frac_elec_usage_company_phev_2020,ui,0.18
Fact_T_S_Car_frac_company_2019,ui,0.108
Fact_T_S_Car_frac_elec_usage_phev_2020,ui,0.403
Fact_T_S_Car_frac_petrol_without_phev_mlg_2018,ui,0.5048225854565203
Fact_T_S_Car_frac_petrol_from_phev_mlg_2018,ui,0.0007671467580446538
Fact_T_S_Car_frac_petrol_with_phev_mlg_2018,ud,0.5055897322145649
Fact_T_S_Car_frac_diesel_mlg_2018,ud,0.4795814561836942
Fact_T_S_Car_frac_lpg_mlg_2018,ud,0.011052555090676845
Fact_T_S_Car_frac_cng_mlg_2018,ud,0.0023405410780256847
Fact_T_S_Car_frac_bev_without_phev_mlg_2018,ui,0.0009178592462845823
Fact_T_S_Car_frac_bev_with_phev_mlg_2018,ud,0.0014357154330383436
Fact_T_S_Car_frac_phev_mlg_2018,ui,0.001285002944798415
Fact_T_S_Car_frac_bev_from_phev_mlg_2018,ui,0.0005178561867537612
Fact_T_S_Car_SEC_petrol_it_ot_2018,ud,0.00063709076640115
Fact_T_S_Car_SEC_diesel_it_ot_2018,ud,0.000667222615817937
Fact_T_S_Car_SEC_elec_it_ot_2018,ud,0.000186300120264324
Fact_T_S_Car_SEC_petrol_ab_2018,ud,0.000737049522276734
Fact_T_S_Car_SEC_diesel_ab_2018,ud,0.000749855965414875
Fact_T_S_Car_SEC_elec_ab_2018,ud,0.000297833105045593
Fact_T_S_LDT_frac_petrol_stock_2018,ui,0.059940059940059943
Fact_T_S_LDT_frac_diesel_stock_2018,ui,0.9290709290709291
Fact_T_S_LDT_frac_lpg_stock_2018,ui,0.004995004995004995
Fact_T_S_LDT_frac_bev_stock_2018,ui,0.005994005994005994
Fact_T_S_LDT_frac_petrol_mlg_2018,ud,0.03260337988371461
Fact_T_S_LDT_frac_diesel_mlg_2018,ud,0.9601695375753952
Fact_T_S_LDT_frac_lpg_mlg_2018,ud,0.004618812150192903
Fact_T_S_LDT_frac_bev_mlg_2018,ud,0.002608270390697169
Fact_T_S_LDT_SEC_petrol_it_ot_2018,ud,0.000753211802607904
Fact_T_S_LDT_SEC_diesel_it_ot_2018,ud,0.000903580472613216
Fact_T_S_LDT_SEC_elec_it_ot_2018,ud,0.00031181052709864596
Fact_T_S_LDT_SEC_petrol_ab_2018,ud,0.00097689944251354
Fact_T_S_LDT_SEC_diesel_ab_2018,ud,0.00125823622513674
Fact_T_S_LDT_SEC_elec_ab_2018,ud,0.0005395501458261131
Fact_T_S_MHD_frac_diesel_stock_2018,ud,0.9983993597438976
Fact_T_S_MHD_frac_cng_lngl_stock_2018,ud,0.000900360144057623
Fact_T_S_MHD_frac_bev_stock_2018,ud,0.000700280112044818
Fact_T_S_MHD_SEC_diesel_it_ot_2018,ud,0.0028306120555232697
Fact_T_S_MHD_SEC_elec_it_ot_2018,ud,0.0006665923402758221
Fact_T_S_MHD_SEC_diesel_ab_2018,ud,0.0029063754730357
Fact_T_S_MHD_SEC_elec_ab_2018,ud,0.000923873274453051
Fact_T_S_Bus_frac_diesel_stock_2018,ud,0.9651741293532339
Fact_T_S_Bus_frac_diesel_with_hybrid_stock_2018,ud,0.9751243781094527
Fact_T_S_Bus_frac_cng_stock_2018,ud,0.021890547263681597
Fact_T_S_Bus_frac_hybrid_stock_2018,ui,0.009950248756218907
Fact_T_S_Bus_frac_bev_stock_2018,ud,0.002985074626865672
Fact_T_S_Bus_SEC_diesel_2018,ud,0.00390269153827303
Fact_T_S_Bus_SEC_elec_2018,ud,0.00198083260477886
Fact_T_D_Rl_train_nat_trnsprt_gds_diesel_2018,ui,5000000000
Fact_T_D_Rl_train_nat_trnsprt_gds_elec_2018,ui,128699999999.99998
Fact_T_D_Rl_train_nat_trnsprt_ppl_short_diesel_2018,ui,10800000000
Fact_T_D_Rl_train_nat_trnsprt_ppl_short_elec_2018,ui,44300000000
Fact_T_D_Rl_train_nat_trnsprt_ppl_long_elec_2018,ui,42600000000
Fact_T_S_Rl_Train_gds_diesel_SEC_2018,ud,0.000210673
Fact_T_S_Rl_Train_gds_elec_SEC_2018,ud,3.120060295260296e-05
Fact_T_S_Rl_Train_ppl_long_diesel_SEC_2018,ud,0.000310073
Fact_T_S_Rl_Train_ppl_long_elec_SEC_2018,ud,7.247191829689299e-05
Fact_T_S_RL_Train_gds_EC_elec_2018,ui,4015517.6
Fact_T_S_RL_Train_gds_EC_diesel_2018,ui,1053365
Fact_T_S_RL_Train_ppl_EC_elec_2018,ui,6297809.7
Fact_T_S_RL_Train_ppl_EC_diesel_2018,ui,3348788.4
Fact_T_D_Shp_sea_nat_EC_2018,ud,19722222.22222222
Fact_A_P_fermen_CO2e_2018,ufyi (Bundestest),25067600.3
Fact_A_P_fermen_dairycow_amount_2018,ui,4100900
Fact_A_P_fermen_dairycow_CO2e_2018,ui,14125000.3
Fact_A_P_fermen_dairycow_ratio_CO2e_to_amount_2018,ud,3.44436594406106
Fact_A_P_fermen_nondairy_amount_2018,ui,7848351
Fact_A_P_fermen_nondairy_CO2e_2018,ui,9814000
Fact_A_P_fermen_nondairy_ratio_CO2e_to_amount_2018,ud,1.250453757738409
Fact_A_P_fermen_swine_amount_2018,ui,26446450
Fact_A_P_fermen_swine_CO2e_2018,ui,639000
Fact_A_P_fermen_swine_ratio_CO2e_to_amount_2018,ud,0.024162033089507286
Fact_A_P_fermen_sheep_amount_2018,ui,1845952
Fact_A_P_fermen_sheep_CO2e_2018,ui,293700
Fact_A_P_fermen_goat_amount_2018,ui,144550
Fact_A_P_fermen_goat_CO2e_2018,ui,18100
Fact_A_P_fermen_equid_amount_2018,ui,429057
Fact_A_P_fermen_equid_CO2e_2018,ui,177800
Fact_A_P_fermen_oanimal_amount_2018,ui,2419559
Fact_A_P_fermen_oanimal_CO2e_2018,ui,489600
Fact_A_P_fermen_oanimal_ratio_CO2e_to_amount_2018,ud,0.2023509242800031
Fact_A_P_fermen_poultry_amount_2018,ui,175199760
Fact_A_P_fermen_poultry_CO2e_2018,ui,0
Fact_A_P_fermen_poultry_ratio_CO2e_to_amount_2018,ud,0
Fact_A_P_manure_CO2e_2018,ufyi (Bundestest),9330184
Fact_A_P_manure_CO2e_CH4_2018,ui,6131750
Fact_A_P_manure_CO2e_N2O_direct_2018,ui,2166460
Fact_A_P_manure_CO2e_N2O_indirect_2018,ui,1031974
Fact_A_P_manure_CO2e_N2O_2018,ui,3198434
Fact_A_P_manure_residue_storage_pct_of_gastight,ufyi,0.619
Fact_A_P_agriculture_CO2e_N20_2018_Ger,ufyi (Bundestest),24646438.39780027
Fact_A_P_direct_minfert_CO2e_N20_2018_Ger,ui,7008593.46
Fact_A_P_direct_manure_CO2e_N20_2018_Ger,ui,4743284.841905052
Fact_A_P_direct_sludge_CO2e_N20_2018_Ger,ui,66247.27100577138
Fact_A_P_direct_ecrops_CO2e_N20_2018_Ger,ui,1398119.325706322
Fact_A_P_direct_grazing_CO2e_N20_2018_Ger,ui,1285294.2594662278
Fact_A_P_direct_cresidues_CO2e_N20_2018_Ger,ui,2356405.5858935863
Fact_A_P_direct_chisto_CO2e_N20_2018_Ger,ui,2658636.7446571416
Fact_A_P_direct_minsoil_CO2e_N20_2018_Ger,ui,8666.472311437885
Fact_A_P_indirect_runN_CO2e_N20_2018_Ger,ui,3657147.9802038255
Fact_A_P_indirect_deposN_CO2e_N20_2018_Ger,ui,1464042.4566509076
Fact_A_P_other_liming_CO2e_pb_2018,ufyi (Bundestest),2140050
Fact_A_P_other_urea_CO2e_pb_2018,ufyi (Bundestest),569540
Fact_A_P_other_kas_CO2e_pb_2018,ufyi (Bundestest),204220
Fact_A_P_other_ecrop_CO2e_pb_2018,ufyi (Bundestest),1607280
Fact_A_P_other_liming_calcit_ratio_CO2e_pb_to_amount_2018,ud,0.44
Fact_A_P_other_liming_dolomite_ratio_CO2e_pb_to_amount_2018,ud,0.477
Fact_A_P_other_kas_ratio_CO2e_pb_to_amount_2018,ud,0.44
Fact_A_P_other_urea_CO2e_pb_to_amount_2018,ud,0.733
Fact_A_P_other_ecrop_ratio_CO2e_pb_CH4_to_amount_2018,ui,0.0655
Fact_A_P_other_ecrop_ratio_CO2e_pb_N2O_direct_to_amount_2018,ui,0.01227
Fact_A_P_other_ecrop_ratio_CO2e_pb_N2O_indirect_to_amount_2018,ui,0.00063
Fact_A_P_other_ecrop_ratio_CO2e_pb_to_amount_2018,ud,0.07840000000000001
Fact_A_P_energy_CO2eq_pb_2018,ufyi (Bundestest),6248720
Fact_A_P_energy_buildings_ratio_A_to_B,ud,0.1
Fact_A_S_petrol_fec_2018,ui,333333.3333333333
Fact_A_S_diesel_fec_2018,ui,19166666.666666668
Fact_A_S_fueloil_fec_2018,ui,2416666.6666666665
Fact_A_S_lpg_fec_2018,ui,2388888.888888889
Fact_A_S_gas_fec_2018,ui,2944444.4444444445
Fact_A_S_biomass_fec_2018,ui,8972222.22222222
Fact_A_S_elec_fec_2018,ui,5250000
Fact_L_G_forest_CO2e_cb_2018,ui,20633000
Fact_L_G_forest_CO2e_cb_per_ha_2018,ud,1.9954367409096987
Fact_L_G_forest_conv_CO2e_2018,ui,-64629146.01
Fact_L_G_forest_nature_CO2e_2018,ui,-2366353.9899999998
Fact_L_G_forest_CO2e_DE_2018,ui,-66995500
Fact_L_G_crop_minrl_soil_CO2e_2018,ui,5101200
Fact_L_G_crop_org_soil_CO2e_2018,ui,10383850
Fact_L_G_crop_biomass_CO2e_2018,ui,1105650
Fact_L_G_crop_dead_CO2e_2018,ui,0
Fact_L_G_grass_strict_minrl_soil_CO2e_2018,ui,-7976840
Fact_L_G_grass_strict_org_soil_CO2e_2018,ui,24293170
Fact_L_G_grass_strict_biomass_CO2e_2018,ui,1930160
Fact_L_G_grass_strict_dead_CO2e_2018,ui,6010
Fact_L_G_grass_woody_minrl_soil_CO2e_2018,ui,705870
Fact_L_G_grass_woody_org_soil_CO2e_2018,ui,230360
Fact_L_G_grass_woody_biomass_CO2e_2018,ui,-3237550
Fact_L_G_grass_woody_dead_CO2e_2018,ui,1310
Fact_L_G_wetland_peat_minrl_soil_CO2e_2018,ui,-38590
Fact_L_G_wetland_peat_org_soil_CO2e_2018,ui,4154180
Fact_L_G_wetland_peat_biomass_CO2e_2018,ui,-34120
Fact_L_G_wetland_peat_dead_CO2e_2018,ui,29210
Fact_L_G_wetland_water_minrl_soil_CO2e_2018,ui,0
Fact_L_G_wetland_water_org_soil_CO2e_2018,ui,0
Fact_L_G_wetland_water_biomass_CO2e_2018,ui,238840
Fact_L_G_wetland_water_dead_CO2e_2018,ui,33210
Fact_L_G_settl_minrl_soil_CO2e_2018,ui,2512100
Fact_L_G_settl_org_soil_CO2e_2018,ui,2547300
Fact_L_G_settl_biomass_CO2e_2018,ui,220100
Fact_L_G_settl_dead_wood_CO2e_2018,ui,460900
Fact_L_G_other_minrl_soil_CO2e_2018,ui,0
Fact_L_G_wood_CO2e_DE_2018,ui,-3239370
Fact_L_G_forest_area1_2018,ui,10637955
Fact_L_forest_conv_2018,ui,10340092.26
Fact_L_G_forest_nature_2018,ui,297862.74
Fact_L_G_forest_pct_of_conv_2018,ud,0.972
Fact_L_G_forest_pct_of_nature_2018,ud,0.028
Fact_L_G_factor_crop_to_grass,ud,0.32
Fact_L_G_factor_crop,ud,0.68
Fact_L_G_factor_wetland_peat,ud,0.075
Fact_L_G_factor_wetland_water,ud,0.925
Fact_L_G_factor_grass_strict,ud,0.91
Fact_L_G_factor_other,ud,0.09
Fact_L_G_crop_area2_2018,ui,12656702
Fact_L_G_crop_area2_minrl_soil_2018,ui,12314565
Fact_L_G_crop_area2_org_soil_2018,ui,342137
Fact_L_G_grass_strict_area2_2018,ui,6332993
Fact_L_G_grass_strict_area2_minrl_soil_2018,ui,5384842
Fact_L_G_grass_strict_area2_org_soil_2018,ui,948151
Fact_L_G_grass_woody_area2_2018,ui,439007
Fact_L_G_grass_woody_area2_minrl_soil_2018,ui,416675
Fact_L_G_grass_woody_area2_org_soil_2018,ui,22332
Fact_L_G_wetland_peat_area2_2018,ui,142937
Fact_L_G_wetland_peat_area2_minrl_soil_2018,ui,19610
Fact_L_G_wetland_peat_area2_org_soil_2018,ui,123327
Fact_L_G_wetland_water_area2_2018,ui,594675
Fact_L_G_wetland_water_area2_minrl_soil_2018,ui,572530
Fact_L_G_wetland_water_area2_org_soil_2018,ui,22145
Fact_L_G_settl_area2_2018,ui,4589917
Fact_L_G_settl_area2_minrl_soil_2018,ui,4501999
Fact_L_G_settl_area2_org_soil_2018,ui,87918
Fact_L_G_crop_area1_2018,ui,12388089.72
Fact_L_G_crop_area1_minrl_soil_2018,ui,12053213.869045176
Fact_L_G_crop_area1_org_soil_2018,ui,334875.8509548254
Fact_L_G_grass_strict_area1_2018,ui,6298174.48
Fact_L_G_grass_strict_area1_minrl_soil_2018,ui,5355236.372949119
Fact_L_G_grass_strict_area1_org_soil_2018,ui,942938.1070508811
Fact_L_G_grass_woody_area1_2018,ui,391613
Fact_L_G_grass_woody_area1_minrl_soil_2018,ui,371691.9018945028
Fact_L_G_grass_woody_area1_org_soil_2018,ui,19921.098105497178
Fact_L_G_wetland_peat_area1_2018,ui,142948.175
Fact_L_G_wetland_peat_area1_minrl_soil_2018,ui,19611.533135227408
Fact_L_G_wetland_peat_area1_org_soil_2018,ui,123336.64186477257
Fact_L_G_wetland_water_area1_2018,ui,759895.8250000001
Fact_L_G_wetland_water_area1_minrl_soil_2018,ui,731598.1951271704
Fact_L_G_wetland_water_area1_org_soil_2018,ui,28297.629872829697
Fact_L_G_settl_area1_2018,ui,5103238
Fact_L_G_settl_area1_minrl_soil_2018,ui,5005487.544276291
Fact_L_G_settl_area1_org_soil_2018,ui,97750.45572370916
Fact_L_G_org_soil_area_tot_UniGr_2012,ui,1419000
Fact_L_G_org_soil_fen_UniGr_2012,ui,1083000
Fact_L_G_org_soil_bog_UniGr_2012,ui,336000
Fact_L_G_fraction_fen,ui,0.7632135306553911
Fact_L_G_fraction_bog,ui,0.23678646934460887
Fact_L_G_fraction_minrl_soil_crop,ud,0.9729679184988317
Fact_L_G_fraction_minrl_soil_grass_strict,ud,0.8502839020981074
Fact_L_G_fraction_minrl_soil_grass_woody,ud,0.949130651675258
Fact_L_G_fraction_minrl_soil_wetland_peat,ud,0.13719330894030238
Fact_L_G_fraction_minrl_soil_wetland_water,ud,0.9627611720687771
Fact_L_G_fraction_minrl_soil_settl,ud,0.9808454052654982
Fact_L_G_fraction_org_soil_fen_crop,ud,0.020631250363470955
Fact_L_G_fraction_org_soil_fen_grass_strict,ud,0.11426535167565159
Fact_L_G_fraction_org_soil_fen_grass_woody,ud,0.03882417493706523
Fact_L_G_fraction_org_soil_fen_wetland_peat,ud,0.6585057409567671
Fact_L_G_fraction_org_soil_fen_wetland_water,ud,0.02842117734285725
Fact_L_G_fraction_org_soil_fen_settl,ud,0.014619045875592233
Fact_L_G_fraction_org_soil_bog_crop,ud,0.00640083113769736
Fact_L_G_fraction_org_soil_bog_grass_strict,ud,0.035450746226240934
Fact_L_G_fraction_org_soil_bog_grass_woody,ud,0.012045173387676746
Fact_L_G_fraction_org_soil_bog_wetland_peat,ud,0.2043009501029305
Fact_L_G_fraction_org_soil_bog_wetland_water,ud,0.008817650588365684
Fact_L_G_fraction_org_soil_bog_settl,ud,0.004535548858909501
Fact_L_G_forest_conv_CO2e_per_ha_2018,ud,-6.2503451985640215
Fact_L_G_forest_nature_CO2e_per_ha_2018,ud,-7.944444444444444
Fact_L_G_crop_minrl_soil_ord_CO2e_per_ha_2018,ud,0.5124742700328072
Fact_L_G_crop_fen_CO2e_per_ha_2018,ud,31.097309618532556
Fact_L_G_crop_bog_CO2e_per_ha_2018,ud,31.097309618532556
Fact_L_G_crop_minrl_soil_sust_CO2e_per_ha_203X,ud,-1.0641923966338593
Fact_L_G_grass_strict_minrl_soil_ord_CO2e_per_ha_2018,ud,-1.1821225761858365
Fact_L_G_grass_strict_org_soil_fen_CO2e_per_ha_2018,ud,26.070688662864914
Fact_L_G_grass_strict_org_soil_bog_CO2e_per_ha_2018,ud,26.070688662864914
Fact_L_G_grass_woody_minrl_soil_ord_CO2e_per_ha_2018,ud,-6.3647999004535905
Fact_L_G_grass_woody_org_soil_fen_CO2e_per_ha_2018,ud,3.2997468226612345
Fact_L_G_grass_woody_org_soil_bog_CO2e_per_ha_2018,ud,3.2997468226612345
Fact_L_G_wetland_peat_minrl_soil_ord_CO2e_per_ha_2018,ud,-2.002067807558055
Fact_L_G_wetland_peat_org_soil_fen_CO2e_per_ha_2018,ud,33.6472888867603
Fact_L_G_wetland_peat_org_soil_bog_CO2e_per_ha_2018,ud,33.6472888867603
Fact_L_G_fen_wet_CO2e_per_ha_203X,ud,10
Fact_L_G_bog_wet_CO2e_per_ha_203X,ud,3
Fact_L_G_wetland_peat_org_soil_paludi_CO2e_per_ha_203X,ud,-16.5
Fact_L_G_wetland_water_minrl_soil_ord_CO2e_per_ha_2018,ud,0.3580095995395158
Fact_L_G_wetland_water_org_soil_fen_CO2e_per_ha_2018,ud,0.3580095995395158
Fact_L_G_wetland_water_org_soil_bog_CO2e_per_ha_2018,ud,0.3580095995395158
Fact_L_G_settl_minrl_soil_CO2e_per_ha_2018,ud,0.6353138815862516
Fact_L_G_settl_minrl_soil_no_LUC_CO2e_per_ha_203X,ud,0.13344468747097432
Fact_L_G_settl_org_soil_fen_CO2e_per_ha_2018,ud,26.192658234259156
Fact_L_G_settl_org_soil_bog_CO2e_per_ha_2018,ud,26.192658234259156
Fact_L_G_other_minrl_soil_CO2e_per_ha_2018,ud,0
Fact_L_G_wood_CO2e_per_ha_2018,ud,-0.31328250450252754
Fact_L_G_wet_rewetting_revenue_pct_of_wage_2018,ud,0.4270386266094421
Fact_L_G_wet_rewetting_ratio_wage_to_emplo_2018,ud,53000
Fact_L_G_forest_afforestation_revenue_pct_of_wage_2018,ud,0.53
Fact_L_G_forest_afforestation_ratio_wage_to_emplo_2018,ud,56500
Fact_L_P_biochar_pct_of_C,ui,0.65
Fact_L_P_biochar_ratio_CO2e_pb_to_prodvol,ud,-2.3816917825326787
